id,kpi_name,functional_area,kra,kpi_category,business_definition,kpi_description,formula,numerator,denominator,source_system,sap_module,business_owner,data_owner,refresh_cadence,recommended_target_range,recommended_threshold_range,notes,strategic_focus_area,standard_driver,sector_driver,value_drivers,industry_tags,recommendation_score,status
kpi-1,Net Sales Realization,Sales,Profitability,Financial,"Calculates actual cash generated from sales after deducting returns, trade discounts, rebates, and promotions.",Monitors gross-to-net leakage and the profitability of sales contracts.,Gross Sales Revenue - (Returns + Discounts + Rebates + Promos),Gross Sales Revenue - (Returns + Discounts + Rebates + Promos),Gross Sales Revenue,SAP S/4HANA Sales,SD,VP of Sales,Sales Operations Manager,Monthly,95-98%,"Red < 95%, Amber 95-97%, Green >= 97%",Focus on identifying root causes of deductions and implementing controls.,Margin Optimization,Pricing Integrity,Contract Compliance,"['Discount Controls', 'Rebate Optimization']","['FMCG', 'Retail', 'Manufacturing', 'Healthcare']",80,recommended
kpi-2,Production Throughput,Production,Operational Excellence,Operational,Measures the total volume of acceptable finished products produced by a manufacturing line per unit of time.,"Evaluates line capacity, processing speed, and production velocity.",Total Units Produced / Total Production Hours,Total Units Produced,Total Production Hours,SAP MES,PP,Head of Manufacturing,Production Planning Manager,Daily,Target based on historical performance and capacity.,"Red < 80% of target, Amber 80-90% of target, Green >= 90% of target","Units must be defined clearly (e.g., per batch, per vial, per device).",Asset Optimization,Asset Productivity,Line Speed,"['Cycle Time Reduction', 'Downtime Minimization']","['Manufacturing', 'Automotive', 'Energy', 'FMCG']",50,recommended
kpi-3,Inventory Days,Supply Chain,Asset Productivity,Supply Chain,"Measures the average number of days that capital is tied up in raw materials, work-in-progress, and finished goods inventory before sales.",Indicates inventory management efficiency and working capital velocity.,(Average Inventory Value / Annual Cost of Goods Sold) * 365,Average Inventory Value,Annual Cost of Goods Sold (COGS),SAP MM,MM,Head of Supply Chain,Inventory Control Manager,Monthly,30-60 days (specific to product type),"Red > 70 days, Amber 60-70 days, Green <= 60 days",Requires clear definition of what constitutes 'inventory' and accurate COGS reporting.,Working Capital Optimization,Days Inventory Outstanding,Inventory Velocity,"['Safety Stock Levels', 'PO Lead Times']","['Retail', 'Manufacturing', 'Automotive', 'FMCG', 'Healthcare']",60,recommended
kpi-4,Forecast Accuracy %,Supply Chain,Operational Excellence,Supply Chain,"Measures the accuracy of the demand forecast compared to actual sales units, calculated using mean absolute percentage error.",Highlights supply chain planning efficiency and minimizes stockout/inventory write-off risk.,100 - Mean Absolute Percentage Error (MAPE),100 - (Sum of Absolute Errors / Total Actual Units),Total Actual Units,SAP IBP (Integrated Business Planning),MM/SD,Head of Demand Planning,Demand Planning Analyst,Monthly,85-95%,"Red < 85%, Amber 85-90%, Green >= 90%","Define the forecast horizon and aggregation level (e.g., SKU, product family, region).",Planning Excellence,S&OP Efficiency,Demand Planning Accuracy,"['Statistical Modeling', 'Sales Collaborative Input']","['Manufacturing', 'FMCG', 'Retail', 'Healthcare', 'Consumer Electronics']",80,recommended
kpi-5,Days Sales Outstanding,Finance,Cash Flow,Financial,Measures the average number of days it takes for a company to collect cash from customers after credit sales are invoiced.,"Tracks credit collection performance, accounts receivable efficiency, and bad debt risks.",(Average Accounts Receivable / Total Credit Sales) * 365,Average Accounts Receivable Balance,Total Credit Sales in Period,SAP FI-AR,FI-AR,CFO / Head of Finance,Accounts Receivable Manager,Monthly,45-60 days,"Red > 65 days, Amber 60-65 days, Green <= 60 days",Ensure consistent definition of 'credit sales' and timely recording of payments.,Working Capital Optimization,Receivable Collections Efficiency,Credit Collection Performance,"['Collection Dispute Resolution', 'Credit Terms Control']","['Manufacturing', 'Technology', 'Telecom', 'Healthcare', 'Energy']",80,recommended
kpi-6,EBITDA Margin %,Finance,Profitability,Financial,"Measures operating profitability as a percentage of revenue, excluding the impact of financing, tax, and non-cash depreciation/amortization expenses.","Assesses pure operating margin, cost controls, and EBITDA performance.",(EBITDA / Total Net Revenue) * 100,"Earnings before Interest, Tax, Depreciation, and Amortization",Total Net Revenue,SAP General Ledger,FI,CFO / Head of Finance,Financial Controller,Quarterly,15-25% (industry benchmark dependent),"Red < 15%, Amber 15-18%, Green >= 18%",Requires clear definitions for EBITDA components and revenue recognition.,Margin Optimization,Operating Profitability,Operating Leverage,"['Gross Margin', 'SG&A Expense Controls']","['Manufacturing', 'Retail', 'Technology', 'Telecom', 'Healthcare', 'Energy']",80,recommended
kpi-7,First Pass Yield %,Production,Operational Excellence,Quality,"Measures the percentage of products that are manufactured correctly to specifications on the first attempt without rework, scrap, or inspection failure.",Indicates production quality stability and eliminates cost of poor quality.,(Good Units Produced with No Rework / Total Units Started) * 100,Good Units Produced with No Rework,Total Units Started,SAP QM,PP/QM,Head of Quality,Quality Assurance Manager,Weekly,90-98%,"Red < 90%, Amber 90-95%, Green >= 95%",Requires clear definition of 'passing quality checks' and consistent application of inspection criteria.,Margin Optimization,Quality Excellence,Manufacturing Process Control,"['Rework Time', 'Scrap Cost Reduction']","['Manufacturing', 'Automotive', 'Healthcare', 'FMCG']",80,recommended
kpi-8,OTIF %,Supply Chain,Customer Growth,Supply Chain,Measures the percentage of customer orders delivered completely (In-Full) and within the scheduled window (On-Time) at the client premises.,Evaluates outbound logistics capability and customer delivery satisfaction.,(Orders Delivered On-Time and In-Full / Total Orders Shipped) * 100,Orders Delivered On-Time and In-Full,Total Orders Shipped,SAP SD / EWM,SD/MM,Head of Logistics,Logistics Coordinator,Weekly,95-98%,"Red < 95%, Amber 95-97%, Green >= 97%","Requires clear definition of 'on time' (e.g., within a delivery window) and 'in full' (exact quantity).",Service Excellence,Customer Service Level,Perfect Order Rate,"['Warehouse Picking Speed', 'Carrier Performance']","['FMCG', 'Retail', 'Manufacturing', 'Telecom', 'Healthcare']",60,recommended
kpi-9,Safety Incident Rate,Operations,Risk Management,Risk,"Calculates the number of recordable occupational injuries and illnesses per 200,000 work hours (standard for 100 full-time workers per year).","Indicates workforce safety compliance, operational risks, and safety culture health.","(Number of Recordable Safety Incidents * 200,000) / Total Employee Hours Worked","Number of Recordable Safety Incidents * 200,000",Total Employee Hours Worked (Employees and Contractors),"SAP EHS (Environment, Health, and Safety)",EHS,"Head of EHS (Environment, Health, and Safety)",EHS Manager,Monthly,< 1.0,"Red > 2.0, Amber 1.0-2.0, Green < 1.0","The '200,000' factor represents 100 employees working 40 hours/week for 50 weeks/year.",Risk Mitigation,Workplace Safety Excellence,Safety Performance Index,"['Safety Audits Completed', 'Near Miss Logging velocity']","['Manufacturing', 'Energy', 'Logistics', 'Automotive', 'Chemicals']",0,recommended
kpi-10,Customer Complaint Rate,Quality,Customer Growth,Customer,Measures the number of customer quality complaints submitted relative to the total volume of orders shipped.,Direct indicator of product quality gaps and post-delivery client satisfaction.,(Customer Complaints Received / Total Orders Shipped) * 100,Customer Complaints Received,Total Orders Shipped,Salesforce CRM,QM,Head of Customer Service,Customer Service Manager,Monthly,"< 50 per 100,000 units","Red > 75, Amber 50-75, Green < 50",Requires a clear process for logging and categorizing complaints.,Service Excellence,Customer Service Level,Complaint Rate Control,"['Pre-Shipment Inspections', 'Packaging Durability']","['Retail', 'FMCG', 'Manufacturing', 'Healthcare', 'Telecom']",60,recommended
